sr no,email,name,companyname,experience,domain,sex
1,sophia.wilson@gmail.com,vishnu,TCS,19,React Developer,male
2,jacob.morris@yahoo.com,aarav,TCS,15,React Developer,male
3,mia.collins@hotmail.com,Angela,TCS,19,React Developer,female
4,aiden.foster@outlook.com,Henry,TCS,2,React Developer,female
5,abigail.cook@aol.com,Christopher,TCS,2,React Developer,male
6,lucas.bailey@icloud.com,Steven,TCS,17,React Developer,female
7,charlotte.murphy@mail.com,Wayne,TCS,2,React Developer,male
8,ethan.phillips@protonmail.com,George,TCS,8,React Developer,male
9,grace.richards@zoho.com,Teresa,TCS,18,React Developer,female
10,harper.wood@live.com,Teresa,TCS,16,React Developer,female
11,leo.ross@gmx.com,Andrew,TCS,19,React Developer,female
12,nora.griffin@inbox.com,Jamie,TCS,11,React Developer,female
13,mason.price@ymail.com,Stacey,TCS,11,React Developer,female
14,lily.bennett@mail.ru,Kathleen,TCS,20,React Developer,male
15,james.cox@tutanota.com,Briana,TCS,2,React Developer,male
16,zoe.henderson@me.com,Kathy,TCS,18,React Developer,male
17,alex.ward@fastmail.com,Roberto,TCS,15,React Developer,male
18,emma.stewart@rediffmail.com,James,TCS,1,React Developer,female
19,jack.long@hushmail.com,James,TCS,20,React Developer,male
20,evelyn.owen@tiscali.co.uk,Laurie,TCS,18,React Developer,male
21,noah.sullivan@rocketmail.com,Katherine,TCS,19,React Developer,female
22,chloe.bell@btinternet.com,Tamara,TCS,17,React Developer,male
23,carter.hughes@zoho.in,Arthur,TCS,2,React Developer,female
24,scarlett.hart@myway.com,Edward,TCS,18,React Developer,female
25,elijah.jenkins@q.com,Elizabeth,TCS,5,React Developer,male
26,sophie.jordan@hush.ai,Daniel,TCS,6,React Developer,male
27,logan.patterson@blueyonder.co.uk,Susan,TCS,13,React Developer,female
28,madison.alexander@netzero.net,Teresa,TCS,3,React Developer,female
29,jackson.perry@tiscali.it,Thomas,TCS,8,React Developer,female
30,aria.cooper@lavabit.com,Joseph,TCS,12,React Developer,female
31,liam.mccarthy@runbox.com,Mark,TCS,14,React Developer,female
32,ella.garcia@laposte.net,Ryan,TCS,17,React Developer,female
33,gabriel.roberts@web.de,Cathy,TCS,11,React Developer,male
34,zoey.scott@orange.fr,Aaron,TCS,4,React Developer,female
35,henry.bryant@shaw.ca,Sarah,TCS,6,React Developer,female
36,lily.mitchell@ntlworld.com,Gregory,TCS,15,React Developer,male
37,lucas.sanders@att.net,Francisco,TCS,1,React Developer,female
38,ava.foster@centurylink.net,Anna,TCS,14,React Developer,female
39,oliver.dixon@bellsouth.net,Justin,TCS,6,React Developer,male
40,mia.ward@att.net,Scott,TCS,20,React Developer,male
41,ethan.hayes@verizon.net,Rodney,TCS,5,React Developer,female
42,isabella.morgan@telus.net,James,TCS,7,React Developer,female
43,jackson.richardson@sbcglobal.net,Brian,TCS,18,React Developer,male
44,ella.lane@roadrunner.com,Noah,TCS,14,React Developer,female
45,mason.bishop@optonline.net,Kari,TCS,2,React Developer,female
46,sophia.stone@comcast.net,Matthew,TCS,2,React Developer,male
47,jacob.kelly@sky.com,Laura,TCS,16,React Developer,male
48,nora.taylor@bigpond.com,Chad,TCS,3,React Developer,male
49,liam.ross@virgin.net,Christopher,TCS,8,React Developer,female
50,harper.evans@freenet.de,Crystal,TCS,3,React Developer,female
